day,rolling_reward,forecast_error
0,58.0,0.9
1,40.45,6.04
2,38.8,7.05
3,38.12,3.29
4,25.84,1.45
5,33.12,0.08
6,35.97,2.04
7,33.56,8.04
8,38.22,0.58
9,37.7,9.17
10,35.55,3.37
11,34.68,0.01
12,33.68,6.83
13,34.78,5.3
14,32.21,6.04
15,32.96,9.87
16,33.44,5.43
17,31.68,0.25
18,33.59,6.54
19,32.59,0.16
20,32.65,0.91
21,33.85,1.04
22,33.77,8.59
23,37.46,2.5
24,38.39,4.89
25,36.17,2.41
26,38.06,2.27
27,37.27,1.16
28,38.47,4.05
29,38.01,5.93
30,36.79,6.39
31,39.84,5.08
32,45.0,0.63
33,43.9,3.99
34,41.81,6.53
35,40.06,3.67
36,36.76,2.91
37,35.54,0.08
38,36.34,0.46
39,38.86,0.75
40,39.58,1.09
41,40.39,1.03
42,38.62,1.84
43,37.19,6.51
44,40.6,5.3
45,37.76,3.44
46,33.21,4.61
47,40.26,13.38
48,41.62,1.78
49,44.42,0.39
50,48.66,0.52
51,41.98,0.79
52,42.02,2.66
53,42.61,2.74
54,40.21,10.59
55,37.76,3.39
56,36.54,8.51
57,42.99,5.37
58,40.34,7.36
59,42.67,3.25
60,41.73,1.53
61,35.89,1.67
62,39.54,6.42
63,39.31,0.95
64,36.2,0.96
65,44.46,3.06
66,41.91,3.22
67,40.77,8.56
68,43.95,0.14
69,44.36,1.31
70,48.59,5.27
71,44.79,1.07
72,49.02,2.96
73,45.95,1.16
74,46.91,4.47
75,49.51,5.11
76,45.16,2.59
77,46.09,2.37
78,46.51,6.56
79,45.1,3.32
80,43.89,6.8
81,45.49,0.0
82,45.82,2.31
83,45.89,0.69
84,45.18,6.53
85,46.03,0.43
86,43.81,4.57
87,43.39,1.65
88,46.51,4.9
89,41.86,7.0
90,42.46,1.5
91,45.39,10.54
92,45.53,2.49
93,44.96,4.52
94,45.53,0.47
95,46.66,1.25
96,44.96,4.91
97,46.92,2.05
98,45.64,2.1
99,46.25,0.5
100,53.06,10.58
101,56.64,0.47
102,45.49,10.38
103,47.19,1.02
104,48.17,1.35
105,42.1,3.13
106,43.0,2.51
107,43.14,11.32
108,50.21,5.32
109,45.42,1.86
110,46.38,3.11
111,46.88,1.67
112,52.52,0.43
113,46.76,2.03
114,40.24,1.45
115,39.66,3.46
116,41.09,0.06
117,42.71,0.56
118,38.36,2.78
119,40.21,7.74
120,35.6,7.94
121,40.1,3.77
122,38.42,1.06
123,40.78,6.75
124,29.96,0.9
125,29.09,5.79
126,23.94,3.79
127,30.08,1.99
128,32.84,0.97
129,34.92,0.13
130,37.28,6.68
131,37.61,0.17
132,41.68,0.1
133,46.59,1.82
134,43.59,6.14
135,47.0,11.42
136,45.69,8.11
137,37.4,0.42
138,46.11,10.4
139,46.39,3.57
140,44.18,0.84
141,48.72,5.95
142,46.17,1.94
143,46.66,0.64
144,45.59,3.07
145,48.62,0.78
146,48.04,7.77
147,42.84,1.67
148,54.61,4.49
149,48.64,2.04
150,48.52,1.49
151,59.86,6.95
152,58.15,0.15
153,58.29,6.08
154,56.86,12.49
155,54.21,1.51
156,58.71,4.76
157,55.0,2.83
158,53.43,4.03
159,48.74,5.34
160,49.32,0.82
161,46.18,4.19
162,45.42,1.44
163,43.77,10.41
164,42.28,3.02
165,45.86,2.04
166,49.15,2.32
167,48.44,8.27
168,50.72,8.04
169,50.34,0.74
170,49.24,0.22
171,52.88,4.28
172,52.45,2.79
173,52.02,2.47
174,52.16,0.84
175,52.59,4.97
176,52.59,3.26
177,54.81,3.07
178,53.35,6.36
179,48.88,1.76
180,53.23,1.92
181,56.4,0.73
182,48.54,52.85
183,50.04,17.58
184,38.71,10.09
185,36.79,29.33
186,33.64,12.3
187,42.36,21.57
188,31.21,21.2
189,25.93,23.4
190,22.19,18.59
191,24.26,18.98
192,22.84,1.01
193,28.24,6.97
194,15.6,12.72
195,20.43,23.74
196,22.0,16.83
197,22.86,4.12
198,17.29,13.95
199,11.29,13.13
200,30.86,13.85
201,16.57,2.36
202,31.29,25.02
203,33.57,25.95
204,33.86,13.35
205,34.71,9.09
206,33.86,8.78
207,34.71,1.1
208,35.29,10.94
209,33.0,3.2
210,33.86,2.37
211,28.43,8.23
212,45.14,2.52
213,46.0,8.72
214,46.86,11.62
215,45.14,8.74
216,45.14,12.73
217,45.71,19.35
218,49.71,22.51
219,48.0,23.54
220,50.86,9.72
221,50.29,15.88
222,52.29,1.69
223,54.29,0.38
224,58.29,10.29
225,61.43,8.62
226,60.0,26.67
227,59.14,16.63
228,55.93,22.91
229,66.07,7.16
230,53.36,2.16
231,51.93,9.6
232,49.07,4.47
233,51.64,19.76
234,50.5,1.71
235,51.07,11.3
236,47.93,18.61
237,46.51,21.59
238,46.94,4.2
239,47.8,5.35
240,48.37,19.69
241,51.23,7.88
242,50.47,15.23
243,53.76,8.93
244,56.04,0.59
245,58.61,1.63
246,58.33,18.38
247,57.47,1.18
248,52.61,40.85
249,51.47,15.04
250,58.33,18.31
251,45.46,7.04
252,56.46,4.29
253,41.17,15.46
254,44.03,10.07
255,41.17,10.19
256,44.57,5.38
257,36.57,5.74
258,41.0,5.48
259,41.29,5.56
260,43.67,10.04
261,44.1,8.91
262,47.81,5.2
263,49.24,10.27
264,48.67,14.17
265,47.39,8.35
266,33.67,2.94
267,48.39,1.02
268,47.53,3.47
269,49.53,8.17
270,49.16,8.28
271,46.01,12.56
272,53.73,10.31
273,52.59,2.28
274,51.91,3.14
275,51.2,2.67
276,50.91,1.43
277,49.49,12.32
278,47.49,17.7
279,63.34,3.03
280,64.77,5.17
281,65.34,1.08
282,64.77,8.75
283,64.49,0.35
284,64.49,5.74
285,67.63,5.0
286,66.89,8.12
287,68.31,28.19
288,66.31,16.33
289,66.31,3.35
290,66.31,2.13
291,68.31,1.71
292,67.46,2.68
293,65.17,13.37
294,69.17,6.25
295,48.6,5.54
296,50.89,13.45
297,51.46,4.86
298,47.67,13.71
299,55.91,2.63
300,43.51,10.5
301,43.51,3.82
302,46.09,3.31
303,44.09,24.56
304,42.94,16.28
305,42.66,5.91
306,41.8,4.86
307,43.8,5.72
308,38.94,4.44
309,58.09,3.39
310,56.86,23.3
311,58.57,2.73
312,63.11,1.82
313,52.16,8.39
314,66.07,6.53
315,65.79,12.83
316,64.93,3.81
317,64.07,25.91
318,66.07,7.08
319,66.07,1.81
320,66.93,4.16
321,67.03,9.0
322,68.31,5.55
323,66.31,20.74
324,67.26,14.14
325,66.11,7.44
326,65.36,1.48
327,69.79,3.56
328,59.01,3.88
329,71.3,10.62
330,58.01,13.34
331,62.59,4.79
332,61.16,16.13
333,59.73,18.95
334,60.01,1.44
335,55.47,14.99
336,62.36,20.96
337,58.21,6.29
338,57.64,6.57
339,57.93,3.74
340,51.87,12.67
341,59.03,7.52
342,63.6,4.07
343,44.74,15.84
344,53.69,13.29
345,54.77,4.39
346,59.59,3.59
347,61.73,22.28
348,63.73,3.07
349,58.6,5.26
350,61.07,5.49
351,69.03,3.12
352,70.6,5.13
353,69.46,9.28
354,75.51,3.58
355,67.79,4.18
356,72.64,13.07
357,92.93,10.8
358,85.99,15.26
359,84.9,2.39
360,81.8,4.03
361,74.09,13.48
362,83.06,4.99
363,85.06,12.49
364,63.84,16.43
365,60.06,8.76
