episode,total_reward
0,2321.3
1,1835.9
2,1258.4
3,2123.0
4,2263.8
5,1464.9
6,1850.2
7,1173.4
8,1280.3
9,1569.0
10,2069.1
11,2392.1
12,1468.7
13,1820.2
14,616.9
15,2458.0
16,1583.9
17,2191.8
18,1713.2
19,2177.2
20,2089.8
21,1431.9
22,1605.4
23,1951.0
24,2444.7
25,1834.8
26,2039.7
27,2477.9
28,2546.3
29,2326.0
30,1884.0
31,2027.4
32,1849.7
33,2224.8
34,1641.0
35,1633.1
36,1585.0
37,2314.0
38,1795.9
39,1823.6
40,2315.0
41,2240.1
42,1612.9
43,1589.7
44,1853.2
45,2042.9
46,2017.1
47,1759.3
48,885.9
49,2098.4
50,2445.9
51,1823.5
52,1185.9
53,1281.7
54,1710.7
55,1431.8
56,2129.8
57,2221.3
58,2083.7
59,391.7
60,1827.4
61,1735.8
62,1891.9
63,2355.7
64,2448.7
65,581.3
66,2005.4
67,1848.5
68,2074.3
69,2230.9
70,1999.6
71,2213.2
72,1706.1
73,1268.3
74,1179.9
75,1952.8
76,867.0
77,1919.7
78,2475.9
79,1277.7
80,2130.8
81,1973.0
82,2540.0
83,2546.4
84,1947.1
85,1671.5
86,2219.8
87,534.1
88,2664.1
89,1399.4
90,2104.9
91,2221.7
92,2265.5
93,1937.2
94,2649.4
95,1427.6
96,1423.1
97,1324.6
98,1467.6
99,1858.8
100,2821.3
101,1798.1
102,2408.6
103,985.5
104,1083.6
105,2034.8
106,2321.7
107,1548.0
108,2157.3
109,1310.1
110,1757.3
111,2436.8
112,1777.3
113,2631.4
114,2103.4
115,2437.5
116,1743.5
117,1729.9
118,1626.1
119,2382.3
120,2747.6
121,1475.3
122,1605.5
123,2316.7
124,1641.2
125,2283.7
126,1939.9
127,2002.1
128,1629.2
129,1931.7
130,2142.2
131,2248.7
132,2222.1
133,2222.3
134,2275.6
135,1245.3
136,2445.2
137,1294.6
138,1126.6
139,2094.0
140,1837.5
141,2089.4
142,1701.6
143,2628.4
144,2122.8
145,2609.9
146,1356.5
147,2401.8
148,2169.1
149,2136.9
150,2140.8
151,1813.9
152,2048.8
153,1437.5
154,2246.8
155,1901.5
156,2489.5
157,2212.5
158,1598.0
159,2375.1
160,1898.4
161,1479.5
162,2398.8
163,1838.9
164,2335.0
165,2423.1
166,975.3
167,2831.3
168,1338.0
169,1681.8
170,2411.5
171,2167.9
172,1180.4
173,1473.9
174,1896.2
175,2911.2
176,1736.4
177,2615.4
178,2161.5
179,2660.5
180,2156.8
181,2726.2
182,2078.4
183,1331.3
184,2045.4
185,2443.8
186,2618.4
187,2004.1
188,2096.7
189,1545.2
190,1276.2
191,2376.2
192,2202.8
193,1670.6
194,2153.0
195,2159.2
196,1373.0
197,2319.7
198,1373.3
199,2378.7
200,1965.8
201,2387.3
202,1308.0
203,1592.0
204,2169.9
205,2167.4
206,1712.4
207,2042.9
208,2202.6
209,2322.5
210,1922.4
211,2156.0
212,2630.6
213,2334.8
214,1597.9
215,1856.7
216,1962.8
217,2191.3
218,2254.7
219,2002.8
220,2359.8
221,2343.4
222,1813.2
223,2232.4
224,1423.1
225,1230.5
226,3092.7
227,2610.2
228,2460.7
229,2280.7
230,2720.4
231,1772.1
232,1238.3
233,2565.8
234,2050.8
235,2119.6
236,2012.7
237,2001.5
238,1692.2
239,2326.1
240,2616.6
241,2334.9
242,2376.6
243,2073.6
244,2346.8
245,1878.9
246,2895.8
247,2554.6
248,2695.0
249,1723.2
250,2660.6
251,2823.4
252,2183.2
253,1523.8
254,1896.9
255,2503.0
256,1800.8
257,2191.6
258,2249.9
259,2254.1
260,2527.8
261,2430.1
262,1363.4
263,2463.6
264,2754.7
265,1879.0
266,3079.6
267,1866.2
268,2234.9
269,2496.1
270,1930.5
271,1597.5
272,2836.8
273,2560.8
274,2676.5
275,2462.8
276,2304.8
277,2198.0
278,1985.8
279,1892.4
280,2199.6
281,2686.7
282,1893.1
283,1773.8
284,2476.3
285,2352.8
286,1815.7
287,2304.7
288,2498.5
289,2490.0
290,2150.7
291,2376.8
292,2523.5
293,2030.6
294,2490.1
295,2588.9
296,2176.3
297,2298.1
298,1881.1
299,1678.0
300,2086.7
301,2836.6
302,497.0
303,2126.4
304,2350.1
305,2840.9
306,1404.1
307,2279.0
308,1673.8
309,2330.0
310,1784.4
311,1969.6
312,2281.1
313,2175.5
314,2379.7
315,2075.1
316,2209.7
317,1808.1
318,2438.4
319,1892.6
320,1662.2
321,2251.4
322,2335.5
323,3073.2
324,2757.4
325,2276.6
326,2465.2
327,1923.8
328,2859.0
329,2730.7
330,2080.9
331,1909.6
332,1735.2
333,2856.7
334,2455.3
335,2485.5
336,2783.5
337,1625.7
338,2856.7
339,2507.2
340,2155.0
341,1599.7
342,2457.2
343,2308.3
344,2730.8
345,2514.2
346,2548.1
347,2451.3
348,2481.1
349,2418.4
350,2763.8
351,2354.1
352,1881.9
353,2392.9
354,2686.6
355,2360.4
356,2715.3
357,2774.1
358,2573.9
359,2398.9
360,2989.6
361,2715.7
362,2047.8
363,3013.3
364,2098.9
365,2559.6
366,2769.6
367,1554.5
368,1896.8
369,2576.4
370,1739.2
371,2215.4
372,2632.3
373,2182.5
374,2159.0
375,2235.0
376,2267.8
377,2107.0
378,2437.1
379,2148.4
380,1333.7
381,2985.9
382,2569.5
383,2535.6
384,1792.0
385,2506.7
386,2427.8
387,2538.1
388,2248.4
389,2900.9
390,2366.5
391,2259.3
392,1887.8
393,2155.7
394,2145.9
395,2169.4
396,2484.2
397,2413.7
398,2138.1
399,1696.3
400,2527.4
401,2166.7
402,1504.9
403,2681.5
404,2809.2
405,2574.1
406,2636.5
407,2756.5
408,2802.6
409,1709.6
410,2625.9
411,2089.5
412,2282.3
413,2598.3
414,1594.3
415,1852.9
416,2767.2
417,2692.6
418,2022.0
419,2597.0
420,3011.6
421,2029.5
422,2727.5
423,2437.7
424,2786.7
425,2498.8
426,2112.9
427,2464.7
428,1898.1
429,2215.0
430,2261.2
431,2111.8
432,2351.6
433,2660.7
434,2308.3
435,2648.4
436,2477.1
437,2597.5
438,2573.6
439,2471.9
440,2383.9
441,1708.3
442,2872.8
443,2363.1
444,2599.2
445,2020.8
446,2013.7
447,2822.3
448,2648.5
449,2282.1
450,2830.2
451,2643.8
452,2776.9
453,1928.2
454,2406.5
455,2652.5
456,2614.4
457,2105.7
458,2598.3
459,2442.4
460,2079.3
461,2404.5
462,2609.6
463,2526.5
464,1636.0
465,2396.6
466,2556.7
467,2467.5
468,2548.1
469,2654.7
470,2273.3
471,2709.8
472,2556.8
473,2312.2
474,2309.7
475,2512.2
476,1804.5
477,1634.1
478,2062.5
479,2266.3
480,2195.2
481,2097.3
482,2314.5
483,2398.8
484,2466.9
485,2245.6
486,2088.6
487,2348.7
488,2323.4
489,2652.0
490,2763.4
491,1987.5
492,2446.1
493,2673.0
494,2158.7
495,2586.8
496,2715.4
497,2155.5
498,3167.4
499,2923.6
500,2258.1
501,2151.4
502,2920.2
503,2256.4
504,2333.1
505,2603.5
506,2614.3
507,2239.2
508,2450.4
509,2328.6
510,2294.9
511,2333.0
512,2449.2
513,2393.5
514,2823.9
515,2419.8
516,2669.2
517,2558.5
518,2630.8
519,2557.4
520,2205.5
521,2531.9
522,2540.0
523,2633.8
524,2006.0
525,2105.4
526,2892.2
527,2718.6
528,2526.8
529,2904.3
530,2622.6
531,2826.7
532,2402.7
533,2323.2
534,2437.3
535,2686.3
536,2664.3
537,2503.8
538,2416.1
539,1891.9
540,2251.7
541,2451.3
542,2570.5
543,2931.3
544,2681.2
545,2481.3
546,2675.9
547,2667.6
548,2980.1
549,2073.3
550,3254.3
551,2248.6
552,2940.9
553,2046.7
554,2801.0
555,3416.1
556,2563.0
557,3153.8
558,3169.7
559,3102.2
560,2940.8
561,2231.0
562,3013.8
563,2837.8
564,3048.3
565,2525.0
566,2469.6
567,2500.6
568,2603.2
569,2849.6
570,3029.7
571,2546.4
572,2465.0
573,2355.9
574,1636.2
575,2383.2
576,3079.6
577,3018.8
578,3122.8
579,2544.1
580,2383.9
581,3168.9
582,2656.2
583,2372.5
584,2512.5
585,3222.4
586,2131.2
587,2502.6
588,3428.9
589,3220.4
590,3288.6
591,3386.0
592,2532.1
593,2819.9
594,2015.7
595,3420.9
596,2850.2
597,2990.4
598,2508.8
599,2454.4
